<?xml version="1.0" encoding="UTF-8" standalone="yes"?>
<addon id="plugin.video.madtitansports" name="Mad Titan [COLORyellow]Sports[/COLOR]" version="0.0.38i" provider-name="JETJET ,Magnetic THE JEN CREW">
  <requires>
    <import addon="xbmc.python" version="3.0.0" />
    <import addon="script.module.requests" />
    <import addon="script.module.routing" version="0.2.0" />
    <import addon="script.module.unidecode" />
    <import addon="script.module.tzlocal" />
    <import addon="script.module.jetextractors" />
    <import addon="script.module.inputstreamhelper" />
    <import addon="inputstream.ffmpegdirect" />
    <import addon="inputstream.adaptive" />
    <import addon="script.module.resolveurl" />
    <import addon="script.module.pyamf" />
    <import addon="script.module.pycryptodome" optional="true" />
    <import addon="script.module.microjenscrapers" />
  </requires>
  <extension point="xbmc.python.pluginsource" library="default.py">
    <provides>video</provides>
  </extension>
  <extension point="xbmc.addon.metadata">
     <summary lang="en_GB">Sports </summary>
    <platform>all</platform>
    <language>en</language>
    <license>GPL-2.0-or-later</license>
  <assets>
    <icon>icon.png</icon>
    <fanart>fanart.jpg</fanart>
  </assets>
  </extension>
</addon>